Player,POS,Total FPTS,Avg FPTS
"Lamar Jackson QB • BAL",QB,301,17.71
"Joe Burrow QB • CIN",QB,294,17.29
"Josh Allen QB • BUF",QB,277,16.29
"Baker Mayfield QB • TB",QB,273,16.06
"Jared Goff QB • DET",QB,250,14.71
"Jayden Daniels QB • WAS",QB,235,13.82
"Sam Darnold QB • SEA",QB,232,13.65
"Bo Nix QB • DEN",QB,226,13.29
"Jalen Hurts QB • PHI",QB,225,15.00
"Kyler Murray QB • MIN",QB,203,11.94
"Patrick Mahomes QB • KC",QB,193,12.06
"Saquon Barkley RB • PHI",RB,192,12.00
"Derrick Henry RB • BAL",RB,191,11.24
"Jahmyr Gibbs RB • DET",RB,190,11.18
"Brock Purdy QB • SF",QB,188,12.53
"Aaron Rodgers QB • PIT",QB,185,10.88
"Justin Herbert QB • LAC",QB,184,10.82
"Ja'Marr Chase WR • CIN",WR,181,10.65
"Geno Smith QB • NYJ",QB,176,10.35
"Jordan Love QB • GB",QB,174,11.60
"Chris Boswell K • PIT",K,171,10.06
"Brandon Aubrey K • DAL",K,164,9.65
"James Cook RB • BUF",RB,159,9.94
"Cameron Dicker K • LAC",K,159,9.35
"Caleb Williams QB • CHI",QB,157,9.24
"Bijan Robinson RB • ATL",RB,157,9.24
"Ka'imi Fairbairn K • HOU",K,155,9.12
"Josh Jacobs RB • GB",RB,152,8.94
"Chase McLaughlin K • TB",K,152,8.94
"C.J. Stroud QB • HOU",QB,149,8.76
"Jason Sanders K • NYJ",K,149,8.76
"Kyren Williams RB • LAR",RB,148,9.25
"Jake Bates K • DET",K,148,8.71
"Matthew Stafford QB • LAR",QB,144,9.00
"Wil Lutz K • DEN",K,144,8.47
"Bryce Young QB • CAR",QB,140,10.00
"Jonathan Taylor RB • IND",RB,137,9.79
"Tyler Bass K • BUF",K,135,7.94
"Kirk Cousins QB • LV",QB,134,9.57
"Jake Elliott K • PHI",K,132,7.76
"Daniel Carlson K • LV",K,132,7.76
"Justin Tucker K • BAL",K,132,7.76
"Tua Tagovailoa QB • ATL",QB,131,11.91
"Matt Gay K • LV",K,129,8.06
"Broncos DST • DEN",DST,127,7.47
"Drake Maye QB • NE",QB,125,9.62
"Joshua Karty K • ARI",K,125,7.35
"Amon-Ra St. Brown WR • DET",WR,124,7.29
"Jason Myers K • SEA",K,124,7.29
"Joe Mixon RB • HOU",RB,122,8.71
"Justin Jefferson WR • MIN",WR,122,7.18
"Terry McLaurin WR • WAS",WR,121,7.12
"Russell Wilson QB • NYG",QB,119,10.82
"De'Von Achane RB • MIA",RB,119,7.00
"Blake Grupe K • IND",K,118,6.94
"Will Reichard K • MIN",K,118,9.08
"Chuba Hubbard RB • CAR",RB,115,7.67
"Brian Thomas Jr. WR • JAC",WR,115,6.76
"Derek Carr QB • NO",QB,114,11.40
"Anthony Richardson QB • IND",QB,114,10.36
"Chad Ryland K • ARI",K,114,8.77
"Cam Little K • JAC",K,113,6.65
"James Conner RB • ARI",RB,111,6.94
"Vikings DST • MIN",DST,111,6.53
"David Montgomery RB • HOU",RB,110,7.86
"Joey Slye K • TEN",K,109,6.41
"Chase Brown RB • CIN",RB,108,6.75
"Jake Moody K • WAS",K,108,7.71
"Younghoe Koo K • NYJ",K,107,7.64
"Jameis Winston QB • NYG",QB,106,8.83
"Austin Seibert K • WAS",K,105,11.67
"Seahawks DST • SEA",DST,105,6.18
"Mike Evans WR • SF",WR,102,7.29
"Trevor Lawrence QB • JAC",QB,101,10.10
"Alvin Kamara RB • NO",RB,100,7.14
"Drake London WR • ATL",WR,100,5.88
"Eddy Pineiro K • SF",K,100,5.88
"Packers DST • GB",DST,99,5.82
"Will Levis QB • TEN",QB,98,8.17
"Texans DST • HOU",DST,98,5.76
"Breece Hall RB • NYJ",RB,96,6.00
"Jameson Williams WR • DET",WR,96,6.40
"Cairo Santos K • CHI",K,96,5.65
"Tee Higgins WR • CIN",WR,95,7.92
"Eagles DST • PHI",DST,95,5.59
"Cowboys DST • DAL",DST,95,5.59
"Bucky Irving RB • TB",RB,94,5.53
"Jordan Addison WR • MIN",WR,94,6.27
"Nick Folk K • ATL",K,94,6.71
"Harrison Butker K • KC",K,94,7.23
"Brandon McManus K • GB",K,93,8.45
"Malik Nabers WR • NYG",WR,92,6.13
"Courtland Sutton WR • DEN",WR,92,5.41
"Bills DST • BUF",DST,92,5.41
"J.K. Dobbins RB • DEN",K,91,7.00
"George Kittle TE • SF",TE,91,6.07
"Steelers DST • PIT",DST,91,5.35
"Davante Adams WR • LAR",WR,90,6.43
"Lions DST • DET",DST,90,5.29
"Ravens DST • BAL",DST,90,5.29
"Rams DST • LAR",DST,89,5.24
"Ladd McConkey WR • LAC",WR,88,5.50
"Evan McPherson K • CIN",K,88,7.33
"Chargers DST • LAC",DST,88,5.18
"Dak Prescott QB • DAL",QB,87,10.88
"Aaron Jones RB • MIN",RB,87,5.12
"A.J. Brown WR • NE",WR,87,6.69
"Bengals DST • CIN",DST,87,5.12
"Garrett Wilson WR • NYJ",WR,85,5.00
"Rashod Bateman WR • BAL",WR,85,5.00
"Mark Andrews TE • BAL",TE,85,5.00
"CeeDee Lamb WR • DAL",WR,84,5.60
"Bears DST • CHI",DST,84,4.94
"Daniel Jones QB • IND",QB,83,8.30
"DeVonta Smith WR • PHI",WR,83,6.38
"Nico Collins WR • HOU",WR,83,6.92
"Buccaneers DST • TB",DST,83,4.88
"Joe Flacco QB • CIN",QB,81,10.12
"Rachaad White RB • WAS",RB,81,5.06
"Cooper Rush QB • BAL",QB,80,6.67
"D'Andre Swift RB • CHI",RB,80,4.71
"Zach Charbonnet RB • SEA",RB,80,4.71
"Justin Fields QB • KC",QB,79,7.90
"Brian Robinson Jr. RB • ATL",RB,79,5.64
"Marvin Harrison Jr. WR • ARI",WR,79,4.65
"Jonnu Smith TE • PIT",TE,79,4.65
"Najee Harris RB • LAC",RB,78,4.59
"Jayden Reed WR • GB",WR,78,4.59
"Cardinals DST • ARI",DST,78,4.59
"Alec Pierce WR • IND",WR,77,4.81
"Jaxon Smith-Njigba WR • SEA",WR,77,4.53
"Rico Dowdle RB • PIT",RB,76,4.75
"Rhamondre Stevenson RB • NE",RB,76,5.07
"Jets DST • NYJ",DST,76,4.47
"Falcons DST • ATL",DST,76,4.47
"Kenneth Walker III RB • KC",RB,75,6.82
"Jerry Jeudy WR • CLE",WR,75,4.41
"Dustin Hopkins K • CLE",K,75,4.69
"Tyrone Tracy Jr. RB • NYG",RB,74,4.35
"Xavier Worthy WR • KC",WR,74,4.35
"Tony Pollard RB • TEN",RB,73,4.56
"Gardner Minshew QB • ARI",QB,72,7.20
"Brock Bowers TE • LV",TE,72,4.24
"Chiefs DST • KC",DST,72,4.24
"Commanders DST • WAS",DST,72,4.24
"Mason Rudolph QB • PIT",QB,71,8.88
"Tank Bigsby RB • PHI",RB,71,4.44
"Nick Westbrook-Ikhine WR • IND",WR,71,4.18
"Quentin Johnston WR • LAC",WR,71,4.73
"Giants DST • NYG",DST,71,4.18
"DJ Moore WR • BUF",WR,70,4.12
"DK Metcalf WR • PIT",WR,70,4.67
"Tyreek Hill WR • MIA",WR,70,4.12
"Jauan Jennings WR • MIN",WR,70,4.67
"Trey McBride TE • ARI",TE,70,4.38
"49ers DST • SF",DST,70,4.12
"Kareem Hunt RB • KC",RB,69,5.31
"Calvin Ridley WR • TEN",WR,69,4.06
"Colts DST • IND",DST,69,4.06
"Keenan Allen WR • LAC",WR,68,4.53
"Tucker Kraft TE • GB",TE,68,4.00
"Browns DST • CLE",DST,68,4.00
"Mac Jones QB • SF",QB,67,6.70
"Sam LaPorta TE • DET",TE,67,4.19
"Zay Flowers WR • BAL",WR,66,3.88
"Darnell Mooney WR • NYG",WR,66,4.12
"Aidan O'Connell QB • LV",QB,65,7.22
"Cooper Kupp WR • SEA",WR,65,5.42
"Saints DST • NO",DST,65,3.82
"Zach Ertz TE • WAS",TE,64,3.76
"Dolphins DST • MIA",DST,64,3.76
"Titans DST • TEN",DST,64,3.76
"Puka Nacua WR • LAR",WR,63,5.73
"Drew Lock QB • SEA",QB,62,7.75
"Jalen McMillan WR • TB",WR,62,4.77
"Jakobi Meyers WR • JAC",WR,62,4.13
"Raiders DST • LV",DST,61,3.59
"Greg Joseph K • LV",K,60,7.50
"Pat Freiermuth TE • PIT",TE,59,3.47
"Josh Downs WR • IND",WR,58,4.14
"Jaguars DST • JAC",DST,58,3.41
"Jalen Tolbert WR • MIA",WR,56,3.29
"Marvin Mims WR • DEN",WR,56,3.29
"Chris Godwin WR • TB",WR,56,8.00
"Demarcus Robinson WR • SF",WR,55,3.24
"Khalil Shakir WR • BUF",WR,54,3.60
"Allen Lazard WR • NYJ",WR,54,4.50
"Anders Carlson K • NYJ",K,54,7.71
"Adam Thielen WR • PIT",WR,53,5.30
"Isaiah Likely TE • NYG",TE,53,3.31
"Patriots DST • NE",DST,53,3.12
"Ray Davis RB • BUF",RB,52,3.06
"Matthew Wright K • BUF",K,52,10.40
"Alexander Mattison RB • MIA",RB,50,3.57
"Andrei Iosivas WR • CIN",WR,50,2.94
"George Pickens WR • DAL",WR,50,3.57
"David Njoku TE • LAC",TE,50,4.55
"Taysom Hill TE • NO",TE,50,6.25
"Panthers DST • CAR",DST,50,2.94
"DeAndre Hopkins WR • BAL",WR,49,3.06
"Jordan Mason RB • MIN",RB,48,4.00
"Jalen Nailor WR • LV",WR,48,2.82
"Calvin Austin III WR • NYG",WR,48,2.82
"Deebo Samuel WR • WAS",WR,48,3.20
"Deshaun Watson QB • CLE",QB,47,6.71
"Javonte Williams RB • DAL",RB,46,2.71
"Keon Coleman WR • BUF",WR,46,3.54
"Travis Kelce TE • KC",TE,45,2.81
"Ameer Abdullah RB • JAC",RB,44,2.75
"Emanuel Wilson RB • SEA",RB,44,2.59
"Graham Gano K • NYG",K,44,4.40
"Cade York K • NYJ",K,44,7.33
"Andy Dalton QB • PHI",QB,43,7.17
"Tyjae Spears RB • TEN",RB,43,3.58
"Romeo Doubs WR • NE",WR,43,3.31
"Michael Pittman WR • PIT",WR,43,2.69
"Cade Otton TE • TB",TE,43,3.07
"Kyle Pitts TE • ATL",TE,43,2.53
"Roschon Johnson RB • CHI",RB,42,3.00
"Mack Hollins WR • NE",WR,42,2.47
"Marquez Valdes-Scantling WR • DAL",WR,42,3.00
"Spencer Rattler QB • NO",QB,41,5.86
"Austin Ekeler RB • WAS",RB,41,3.42
"Rome Odunze WR • CHI",WR,41,2.41
"Jaylen Waddle WR • DEN",WR,41,2.73
"Michael Wilson WR • ARI",WR,41,2.56
"Rashid Shaheed WR • SEA",WR,41,6.83
"Kayshon Boutte WR • NE",WR,41,2.73
"Foster Moreau TE • HOU",TE,41,2.41
"John Parker Romo K • ATL",K,41,10.25
"Jerome Ford RB • WAS",RB,40,2.86
"Justice Hill RB • BAL",RB,40,2.67
"Cam Akers RB • SEA",RB,40,2.35
"Isaac Guerendo RB • SF",RB,40,2.50
"Amari Cooper WR • LV",WR,40,2.86
"Tank Dell WR • HOU",WR,40,2.86
"Dontayvion Wicks WR • PHI",WR,40,2.35
"Stefon Diggs WR • NE",WR,40,5.00
"Noah Gray TE • KC",TE,40,2.35
"Greg Zuerlein K • NYJ",K,40,5.00
"Tyler Allgeier RB • ARI",RB,39,2.29
"Ty Johnson RB • BUF",RB,39,2.29
"KaVontae Turpin WR • DAL",WR,39,2.29
"Tre Tucker WR • LV",WR,39,2.29
"Cole Kmet TE • CHI",TE,39,2.29
"Tyler Huntley QB • BAL",QB,38,7.60
"Parker Washington WR • JAC",WR,38,2.24
"Christian Watson WR • GB",WR,38,2.53
"Xavier Legette WR • CAR",WR,38,2.38
"Tyler Conklin TE • DET",TE,38,2.38
"Wan'Dale Robinson WR • TEN",WR,37,2.18
"Demario Douglas WR • NE",WR,35,2.06
"Mike Gesicki TE • CIN",TE,35,2.06
"Devin Singletary RB • NYG",RB,34,2.27
"Gus Edwards RB • LAC",RB,34,3.09
"Olamide Zaccheaus WR • ATL",WR,34,2.00
"Zane Gonzalez K • MIA",K,34,5.67
"Nick Chubb RB • HOU",RB,33,4.12
"Ricky Pearsall WR • SF",WR,33,3.00
"Juwan Johnson TE • NO",TE,33,1.94
"Hunter Henry TE • NE",TE,33,2.06
"Devaughn Vele WR • NO",WR,32,2.46
"Travis Etienne RB • NO",RB,31,2.07
"Jeremy McNichols RB • WAS",RB,31,1.82
"Darius Slayton WR • NYG",WR,31,1.94
"Cedric Tillman WR • CLE",WR,31,2.82
"Tim Patrick WR • NYJ",WR,31,1.94
"Michael Penix Jr. QB • ATL",QB,30,6.00
"Marcus Mariota QB • WAS",QB,30,10.00
"Jalen Coker WR • CAR",WR,30,2.73
"Austin Hooper TE • ATL",TE,30,1.76
"Jaleel McLaughlin RB • DEN",RB,29,1.81
"Zack Moss RB • CIN",RB,29,3.62
"Sean Tucker RB • TB",RB,29,1.71
"Diontae Johnson WR • CLE",WR,29,2.42
"Dallas Goedert TE • PHI",TE,29,2.90
"Matt Prater K • BUF",K,29,7.25
"Malik Willis QB • MIA",QB,28,4.00
"Chigoziem Okonkwo TE • WAS",TE,28,1.65
"AJ Barner TE • SEA",TE,28,1.65
"Riley Patterson K • MIA",K,28,7.00
"Braelon Allen RB • NYJ",RB,27,1.59
"Dameon Pierce RB • PHI",RB,27,2.45
"Rashee Rice WR • KC",WR,27,6.75
"Tyler Lockett WR • LV",WR,27,1.59
"Joshua Dobbs QB • NE",QB,26,13.00
"Miles Sanders RB • DAL",RB,26,2.36
"Josh Oliver TE • MIN",TE,26,1.73
"Greg Dortch WR • DET",WR,25,1.47
"Ray-Ray McCloud WR • NYG",WR,25,1.47
"Josh Palmer WR • BUF",WR,25,1.67
"David Moore WR • CAR",WR,25,1.47
"Dalton Schultz TE • HOU",TE,25,1.47
"Jaylen Warren RB • PIT",RB,24,1.60
"Antonio Gibson RB • NE",RB,24,1.41
"Dalton Kincaid TE • BUF",TE,24,1.85
"Will Dissly TE • LAC",TE,24,1.60
"Spencer Shrader K • IND",K,24,6.00
"Kalif Raymond WR • CHI",WR,23,1.92
"Brandin Cooks WR • BUF",WR,23,2.30
"Jacoby Brissett QB • ARI",QB,22,2.75
"Raheem Mostert RB • LV",RB,22,1.69
"Noah Brown WR • WAS",WR,22,2.00
"Tanner McKee QB • PHI",QB,21,10.50
"Hassan Haskins RB • LAC",RB,21,1.24
"Elijah Moore WR • PHI",WR,21,1.24
"Jordan Akins TE • JAC",TE,21,1.24
"Brenton Strange TE • JAC",TE,21,1.24
"Nick Vannett TE • LAR",TE,21,1.24
"Kyle Juszczyk RB • SF",RB,20,1.18
"Chris Olave WR • NO",WR,20,2.50
"Evan Engram TE • DEN",TE,20,2.22
"JuJu Smith-Schuster WR • NYG",WR,19,1.36
"Justin Watson WR • HOU",WR,19,1.12
"Noah Fant TE • NO",TE,19,1.36
"Nate Adkins TE • DEN",TE,19,1.12
"Kenny Pickett QB • CAR",QB,18,3.60
"Tyler Goodson RB • ATL",RB,18,1.12
"Samaje Perine RB • CIN",RB,18,1.06
"Audric Estime RB • NO",RB,18,1.38
"Patrick Ricard RB • NYG",RB,18,1.06
"Van Jefferson WR • WAS",WR,18,1.06
"Nelson Agholor WR • BAL",WR,18,1.29
"Troy Franklin WR • DEN",WR,18,1.12
"Christian Kirk WR • SF",WR,18,2.25
"Tommy Tremble TE • CAR",TE,18,1.50
"Joe Milton III QB • DAL",QB,17,17.00
"Isaiah Davis RB • NYJ",RB,17,1.00
"Trey Sermon RB • PIT",RB,17,1.00
"Chris Rodriguez Jr. RB • JAC",RB,17,1.89
"Gabe Davis WR • BUF",WR,17,1.70
"Isiah Pacheco RB • DET",RB,16,2.29
"DJ Turner WR • LV",WR,16,1.33
"Khadarel Hodge WR • ATL",WR,16,0.94
"Adam Trautman TE • DEN",TE,16,0.94
"Desmond Ridder QB • GB",QB,15,2.50
"Tyrod Taylor QB • GB",QB,15,7.50
"Sterling Shepard WR • TB",WR,15,1.07
"Tutu Atwell WR • MIA",WR,15,0.88
"Lil'Jordan Humphrey WR • DEN",WR,15,0.88
"Payne Durham TE • TB",TE,15,0.94
"T.J. Hockenson TE • MIN",TE,15,1.50
"Theo Johnson TE • NYG",TE,15,1.25
"Jimmy Garoppolo QB • LAR",QB,14,14.00
"Emari Demercado RB • KC",RB,14,1.08
"Tyler Johnson WR • DAL",WR,14,0.93
"Ryan Miller WR • NYG",WR,14,1.27
"Dyami Brown WR • WAS",WR,14,0.88
"Jamison Crowder WR • WAS",WR,14,2.33
"Derius Davis WR • LAC",WR,14,0.93
"Tylan Wallace WR • CLE",WR,14,0.82
"Cedrick Wilson Jr. WR • DET",WR,14,0.93
"Malik Heath WR • ATL",WR,14,1.08
"Josh Whyle TE • GB",TE,14,0.82
"Ja'Tavion Sanders TE • CAR",TE,14,0.88
"Dare Ogunbowale RB • HOU",RB,13,0.76
"Michael Burton RB • CLE",RB,13,0.76
"Trey Benson RB • ARI",RB,13,1.00
"Mike Williams WR • LAC",WR,13,0.72
"Ja'Lynn Polk WR • NO",WR,13,0.87
"Johnny Mundt TE • PHI",TE,13,0.76
"Grant Calcaterra TE • PHI",TE,13,0.76
"Brock Wright TE • DET",TE,13,0.76
"Tyler Higbee TE • LAR",TE,13,4.33
"Elijah Higgins TE • ARI",TE,13,0.76
"Dawson Knox TE • BUF",TE,13,0.81
"Mitch Trubisky QB • TEN",QB,12,1.33
"Kenneth Gainwell RB • TB",RB,12,0.71
"Patrick Taylor RB • SF",RB,12,0.92
"DeeJay Dallas RB • JAC",RB,12,0.71
"Kendrick Bourne WR • ARI",WR,12,1.00
"Curtis Samuel WR • BUF",WR,12,0.86
"Luke Schoonmaker TE • DAL",TE,12,0.71
"Christian McCaffrey RB • SF",RB,11,2.75
"Malik Washington WR • MIA",WR,11,0.79
"Josh Reynolds WR • NYJ",WR,11,1.22
"Brandon Aiyuk WR • SF",WR,11,1.57
"John Metchie III WR • CAR",WR,11,0.85
"Colby Parkinson TE • LAR",TE,11,0.65
"Christopher Brooks RB • GB",RB,10,0.67
"Zamir White RB • LV",RB,10,1.25
"Michael Carter RB • TEN",RB,10,3.33
"Dante Pettis WR • NO",WR,10,1.25
"Ashton Dulin WR • IND",WR,10,0.67
"Trey Palmer WR • NO",WR,10,0.67
"Tyrell Shavers WR • BUF",WR,10,3.33
"Jake Ferguson TE • DAL",TE,10,0.71
"Darnell Washington TE • PIT",TE,10,0.59
"Kendre Miller RB • NO",RB,9,1.50
"Cordarrelle Patterson RB • PIT",RB,9,0.69
"Tay Martin WR • DET",WR,9,9.00
"Tyler Boyd WR • TEN",WR,9,0.56
"Jordan Whittington WR • LAR",WR,9,0.60
"Bub Means WR • NO",WR,9,1.29
"Charlie Kolar TE • LAC",TE,9,0.69
"Tim Boyle QB • TEN",QB,8,2.67
"Khalil Herbert RB • NYJ",RB,8,0.57
"Jamaal Williams RB • NO",RB,8,0.57
"Kimani Vidal RB • LAC",RB,8,0.80
"Mecole Hardman WR • BUF",WR,8,0.67
"Jalen Brooks WR • ARI",WR,8,0.57
"Cade Stover TE • HOU",TE,8,0.53
"Mo Alie-Cox TE • IND",TE,8,0.47
"Tanner Hudson TE • CIN",TE,8,0.73
"Eric Saubert TE • SEA",TE,8,0.47
"Brandon Allen QB • NYG",QB,7,2.33
"Dorian Thompson-Robinson QB • PHI",QB,7,1.00
"Alec Ingold RB • LAC",RB,7,0.47
"JaMycal Hasty RB • MIA",RB,7,0.47
"K.J. Osborn WR • TEN",K,7,0.88
"Adonai Mitchell WR • NYJ",WR,7,0.41
"Ainias Smith WR • CAR",WR,7,1.00
"Jake Bobo WR • SEA",WR,7,0.41
"Drew Sample TE • CIN",TE,7,0.41
"Blake Whiteheart TE • CLE",TE,7,0.64
"Jake Haener QB • KC",QB,6,0.75
"Trey Lance QB • LAC",QB,6,1.50
"Bailey Zappe QB • NYJ",QB,6,6.00
"Kene Nwangwu RB • NYJ",RB,6,3.00
"D'Onta Foreman RB • CLE",RB,6,0.55
"Jaylen Wright RB • MIA",RB,6,0.40
"C.J. Ham RB • MIN",RB,6,0.35
"Sincere McCormick RB • SF",RB,6,1.20
"Trent Sherfield WR • BUF",WR,6,0.35
"Laviska Shenault Jr. WR • BUF",WR,6,0.50
"Charlie Jones WR • CIN",WR,6,0.75
"Ihmir Smith-Marsette WR • ARI",WR,6,0.40
"Devontez Walker WR • BAL",WR,6,0.67
"Xavier Gipson WR • NYG",WR,6,0.35
"Parris Campbell WR • DAL",WR,6,1.20
"Kristian Wilkerson WR • BUF",WR,6,2.00
"Johnny Wilson WR • PHI",WR,6,0.38
"DJ Chark WR • ATL",WR,6,0.86
"MyCole Pruitt TE • PIT",TE,6,0.50
"Stone Smartt TE • PHI",TE,6,0.40
"Connor Heyward TE • LV",TE,6,0.35
"Ben Sinnott TE • WAS",TE,6,0.35
"Quintin Morris TE • JAC",TE,6,0.38
"Andrew Ogletree TE • IND",TE,6,0.35
"Kenny Yeboah TE • ARI",TE,6,0.67
"Chris Manhertz TE • NYG",TE,6,0.35
"E.J. Jenkins TE • PHI",TE,6,0.75
"Tommy DeVito QB • NE",QB,5,1.67
"Ty Chandler RB • NO",RB,5,0.29
"D'Ernest Johnson RB • NE",RB,5,0.36
"Jahan Dotson WR • ATL",WR,5,0.29
"Blake Corum RB • LAR",RB,4,0.24
"Jude McAtamney K • NYG",K,4,4.00
"Davis Mills QB • HOU",QB,3,0.60
"Craig Reynolds RB • NE",RB,3,0.18
"Pierre Strong Jr. RB • GB",RB,3,0.21
"Ronnie Rivers RB • LAR",RB,3,0.18
"Carson Steele RB • PHI",RB,3,0.18
"Kenny McIntosh RB • SEA",RB,3,0.18
"Jacob Cowing WR • SF",WR,3,0.20
"Rakim Jarrett WR • PIT",WR,3,0.30
"Erick All TE • CIN",TE,3,0.33
"Devin Culp TE • TB",TE,3,0.60
"Kylen Granson TE • TEN",TE,3,0.18
"Skylar Thompson QB • BAL",QB,2,0.67
"Eric Gray RB • NYG",RB,2,0.12
"Tyler Badie RB • DEN",RB,2,0.67
"Kevin Austin Jr. WR • NO",WR,2,0.25
"Robert Woods WR • PIT",WR,2,0.13
"Marquise Brown WR • PHI",WR,2,1.00
"Jermaine Burton WR • CIN",WR,2,0.14
"Scott Miller WR • CHI",WR,2,0.15
"Simi Fehoko WR • ARI",WR,2,0.25
"Jalen Reagor WR • MIA",WR,2,0.25
"Jonathan Mingo WR • DAL",WR,2,0.12
"Michael Mayer TE • LV",TE,2,0.18
"Daniel Bellinger TE • TEN",TE,2,0.12
"Carson Wentz QB • MIN",QB,1,0.33
"Hunter Luepke RB • DAL",RB,1,0.06
"Jordan Mims RB • SF",RB,1,0.09
"Keaton Mitchell RB • LAC",RB,1,0.20
"Julius Chestnut RB • TEN",RB,1,0.06
"Jeff Wilson RB • MIA",RB,1,0.11
"Rasheen Ali RB • BAL",RB,1,0.17
"Raheem Blackshear RB • NYJ",RB,1,0.06
"Deuce Vaughn RB • DEN",RB,1,0.14
"Clyde Edwards-Helaire RB • KC",RB,1,0.50
"Bryce Oliver WR • TEN",WR,1,0.10
"Ryan Flournoy WR • DAL",WR,1,0.09
"Zay Jones WR • ARI",WR,1,0.09
"Tyquan Thornton WR • KC",WR,1,0.17
"Jalin Hyatt WR • NYG",WR,1,0.06
"Xavier Hutchinson WR • HOU",WR,1,0.06
"Luke McCaffrey WR • WAS",WR,1,0.06
"Mason Tipton WR • NO",WR,1,0.09
"DeAndre Carter WR • CLE",WR,1,0.08
"Cody White WR • SEA",WR,1,0.25
"Michael Woods II WR • DEN",WR,1,0.20
"D'Wayne Eskridge WR • MIA",WR,1,0.17
"Austin Trammell WR • JAC",WR,1,1.00
"Devin Duvernay WR • ARI",WR,1,0.08
"Alex Bachman WR • LV",WR,1,0.17
"Xavier Smith WR • LAR",WR,1,0.07
"Ben Skowronek WR • PIT",WR,1,0.10
"David Bell WR • CLE",WR,1,1.00
"River Cracraft WR • WAS",WR,1,0.12
"Terrace Marshall Jr. WR • MIA",WR,1,0.14
"Nikko Remigio WR • KC",WR,1,0.20
"Brevyn Spann-Ford TE • DAL",TE,1,0.06
"Peyton Hendershot TE • KC",TE,1,0.14
"Ben Sims TE • MIA",TE,1,0.06
"Hayden Hurst TE • LAC",TE,1,0.11
"Lucas Krull TE • DEN",TE,1,0.08
"Davis Allen TE • LAR",TE,1,0.07
"Julian Hill TE • NE",TE,1,0.06
"Austin Reed QB • CHI",QB,0,
"Nathan Rourke QB • ATL",QB,0,
"Jake Browning QB • TB",QB,0,0.00
"E.J. Perry QB • JAC",QB,0,
"Kenji Bahar QB • BAL",QB,0,
"Carson Strong QB • ARI",QB,0,
"Drew Allar QB • PIT",QB,0,
"Collin Klein QB • FA",QB,0,
"Kedon Slovis QB • ARI",QB,0,
"Steven Montez QB • DET",QB,0,
"Quinn Ewers QB • MIA",QB,0,
"Jalon Daniels QB • TB",QB,0,
"Emory Jones QB • ATL",QB,0,
"Ryan Aplin QB • FA",QB,0,
"Tanner Morgan QB • MIN",QB,0,
"Zack Annexstad QB • TB",QB,0,
"Fernando Mendoza QB • LV",QB,0,
"Phillip Sims QB • SEA",QB,0,
"Haynes King QB • CAR",QB,0,
"Felix Harper QB • CLE",QB,0,
"James Morgan QB • ARI",QB,0,
"Hendon Hooker QB • TEN",QB,0,0.00
"Gavin Hardison QB • MIA",QB,0,
"Devin Leary QB • BAL",QB,0,
"Cam Ward QB • TEN",QB,0,
"Jarrett Stidham QB • DEN",QB,0,0.00
"Nate Stanley QB • MIN",QB,0,
"Davis Cheek QB • CAR",QB,0,
"Dustin Crum QB • KC",QB,0,
"Tim DeMorat QB • WAS",QB,0,
"Jalen Milroe QB • SEA",QB,0,
"Jacob Clark QB • LV",QB,0,
"Kyle Shurmur QB • WAS",QB,0,
"Ethan Garbers QB • CAR",QB,0,
"K.J. Costello QB • NO",K,0,
"Hunter Dekkers QB • NO",QB,0,
"Dresser Winn QB • LAR",QB,0,
"Teddy Bridgewater QB • DET",QB,0,
"Brady Cook QB • NYJ",QB,0,
"Taylor Heinicke QB • LAC",QB,0,0.00
"Cole Payton QB • PHI",QB,0,
"Shedeur Sanders QB • CLE",QB,0,
"Logan Woodside QB • ARI",QB,0,
"Nick Mullens QB • JAC",QB,0,0.00
"Bryce Perkins QB • CAR",QB,0,
"Josh Woodrum QB • WAS",QB,0,
"Rocky Lombardi QB • CIN",QB,0,
"Taylor Elgersma QB • GB",QB,0,
"Graham Mertz QB • HOU",QB,0,
"Luke Altmyer QB • DET",QB,0,
"Jack Coan QB • IND",QB,0,
"Danny Etling QB • GB",QB,0,
"Brett Rypien QB • MIN",QB,0,
"Trevor Siemian QB • ATL",QB,0,
"Colby Suits QB • NYJ",QB,0,
"Jack Plummer QB • CAR",QB,0,
"J.T. Barrett QB • PIT",QB,0,
"Riley Leonard QB • IND",QB,0,
"Brett Gabbert QB • MIA",QB,0,
"Case Keenum QB • CHI",QB,0,
"Jalen Morton QB • IND",QB,0,
"Taryn Christion QB • PIT",QB,0,
"Brian Lewerke QB • NYG",QB,0,
"Kyle McCord QB • GB",QB,0,
"Will Howard QB • PIT",QB,0,
"Nick Stevens QB • DEN",QB,0,
"Sam Howell QB • DAL",QB,0,0.00
"Kyle Sloter QB • JAC",QB,0,
"DJ Uiagalelei QB • LAC",QB,0,
"Luis Perez QB • LAC",QB,0,
"Chase Litton QB • JAC",QB,0,
"Kyron Drones QB • GB",QB,0,
"Dalyn Williams QB • CHI",QB,0,
"Carson Beck QB • ARI",QB,0,
"Matt Johnson QB • CIN",QB,0,
"Reid Sinnett QB • CIN",QB,0,
"Kurtis Rourke QB • SF",QB,0,
"Michael Pratt QB • TB",QB,0,
"C.J. Beathard QB • DET",QB,0,
"Griffin Neal QB • NO",QB,0,
"Eric Dungey QB • CIN",QB,0,
"Athan Kaliakmanis QB • WAS",QB,0,
"Casey Bauman QB • LAC",QB,0,
"Nick Fitzgerald QB • TB",QB,0,
"Ty Simpson QB • LAR",QB,0,
"Chevan Cordeiro QB • SEA",QB,0,
"Nate Sudfeld QB • SF",QB,0,
"John Wolford QB • MIN",QB,0,
"Alex McGough QB • GB",QB,0,
"Seth Henigan QB • IND",QB,0,
"Tyler Shough QB • NO",QB,0,
"Manny Wilkins QB • GB",QB,0,
"Jason Bean QB • IND",QB,0,
"Jarrett Guarantano QB • DEN",QB,0,
"Ryan Williams QB • GB",QB,0,
"Joey Aguilar QB • JAC",QB,0,
"Kyle Trask QB • ATL",QB,0,0.00
"Mark Gronowski QB • MIA",QB,0,
"Carter Bradley QB • JAC",QB,0,
"Cole McDonald QB • ARI",QB,0,
"Austin Aune QB • ATL",QB,0,
"Payton Thorne QB • CIN",QB,0,
"Diego Pavia QB • BAL",QB,0,
"James Blackman QB • MIA",QB,0,
"John Paddock QB • ATL",QB,0,
"Brandon Peters QB • LAC",QB,0,
"Jaxson Dart QB • NYG",QB,0,
"Max Duggan QB • LAC",QB,0,
"Brandon Bridge QB • FA",QB,0,
"Cade Klubnik QB • NYJ",QB,0,
"Stetson Bennett QB • LAR",QB,0,
"Dillon Gabriel QB • CLE",QB,0,
"Jamie Newman QB • PHI",QB,0,
"Jeff Driskel QB • WAS",QB,0,0.00
"Drew Plitt QB • CIN",QB,0,
"Anthony Gordon QB • KC",QB,0,
"Matt Corral QB • MIN",QB,0,
"Jack Strand QB • ATL",QB,0,
"Cody Fajardo QB • LV",QB,0,
"D'Eriq King QB • CAR",QB,0,
"Joe Fagnano QB • BAL",QB,0,
"Garrett Nussmeier QB • KC",QB,0,
"Ryan Willis QB • CHI",QB,0,
"Jake Fromm QB • DET",QB,0,
"Kenneth Harper RB • NYG",RB,0,
"Phil Mafah RB • DAL",RB,0,
"James Butler RB • LV",RB,0,
"ZaQuandre White RB • MIA",RB,0,
"Toriano Clinton RB • IND",RB,0,
"TreVeyon Henderson RB • NE",RB,0,
"Omarion Hampton RB • LAC",RB,0,
"Shane Watts RB • NE",RB,0,
"Titus Swen RB • IND",RB,0,
"Devin Neal RB • NO",RB,0,
"Deshaun Fenwick RB • GB",RB,0,
"Jaydon Blue RB • DAL",RB,0,
"Damien Martinez RB • GB",RB,0,
"Dominic Richardson RB • DAL",RB,0,
"Kay'ron Lynch-Adams RB • CAR",RB,0,
"LeQuint Allen RB • JAC",RB,0,
"Travis Homer RB • PIT",RB,0,0.00
"George Holani RB • SEA",RB,0,0.00
"Lucas Scott RB • BAL",RB,0,
"Miles Davis RB • CAR",RB,0,
"EJ Smith RB • KC",RB,0,
"Deneric Prince RB • NE",RB,0,
"DK Kaufman RB • SEA",RB,0,
"J.C. Copeland RB • NYJ",RB,0,
"Wayne Taulapapa RB • SEA",RB,0,
"Elijah Dotson RB • ATL",RB,0,
"Nyheim Miller-Hines RB • NO",RB,0,
"Royce Freeman RB • LAC",RB,0,
"TaMerik Williams RB • SEA",RB,0,
"Trent Pennix RB • IND",RB,0,
"Taj McGowan RB • JAC",RB,0,
"Mike Weber RB • NYG",RB,0,
"Nick Sharga RB • LV",RB,0,
"Kevin Harris RB • JAC",RB,0,
"Louis Rees-Zammit RB • JAC",RB,0,
"Dillon Johnson RB • CAR",RB,0,
"Quinshon Judkins RB • CLE",RB,0,
"Gary Brightwell RB • CIN",RB,0,0.00
"Robert Burns RB • ATL",RB,0,
"Josh Williams RB • TB",RB,0,
"Khalfani Muhammad RB • ARI",RB,0,
"Cam Skattebo RB • NYG",RB,0,
"DJ Giddens RB • IND",RB,0,
"Ashton Jeanty RB • LV",RB,0,
"Michael Dyer RB • LV",RB,0,
"DJ Herman RB • MIA",RB,0,
"Greg Bell RB • PIT",RB,0,
"Matt Colburn RB • JAC",RB,0,
"Elijah Mitchell RB • PHI",RB,0,
"Aaron Dykes RB • MIN",RB,0,
"Calvin Tyler Jr. RB • CIN",RB,0,
"De'Montre Tuggle RB • CHI",RB,0,
"Brashard Smith RB • KC",RB,0,
"Dante Miller RB • NYG",RB,0,0.00
"Nate Carter RB • ATL",RB,0,
"Ricky Person Jr. RB • SEA",RB,0,
"Sandro Platzgummer RB • NYG",RB,0,
"Montel Harris RB • FA",RB,0,
"John Kelly RB • CLE",RB,0,0.00
"Josh Hokit RB • ARI",RB,0,
"Mike Boone RB • MIA",RB,0,0.00
"Tayon Fleet-Davis RB • KC",RB,0,
"Salvon Ahmed RB • CHI",RB,0,
"Trabis Ward RB • FA",RB,0,
"Bryant Koback RB • SEA",RB,0,
"Ja'Quinden Jackson RB • JAC",RB,0,
"Tyreik McAllister RB • LV",RB,0,0.00
"Sone Ntoh RB • BAL",RB,0,
"Jerrion Ealy RB • KC",RB,0,
"George Aston RB • NYG",RB,0,
"Darrynton Evans RB • BUF",RB,0,0.00
"A.J. Rose RB • LAR",RB,0,
"Jaret Patterson RB • LAC",RB,0,0.00
"Max Borghi RB • PIT",RB,0,
"Terrance Cobb RB • LV",RB,0,
"Kentrel Bullock RB • CIN",RB,0,
"Travis Dye RB • NYJ",RB,0,
"Myles Montgomery RB • NE",RB,0,
"Robert Henry Jr. RB • WAS",RB,0,
"Le'Veon Moss RB • MIA",RB,0,
"Jordan Ellis RB • CIN",RB,0,
"Tre Stewart RB • MIN",RB,0,
"Tyler Gaffney RB • NE",RB,0,
"Otis Anderson RB • LAR",RB,0,
"Demond Claiborne RB • MIN",RB,0,
"J.J. Taylor RB • HOU",RB,0,0.00
"Robbie Ouzts RB • SEA",RB,0,
"British Brooks RB • HOU",RB,0,0.00
"Austin Jones RB • WAS",RB,0,
"Jase McClellan RB • TB",RB,0,0.00
"Ben VanSumeren RB • BUF",RB,0,0.00
"Raheim Sanders RB • CLE",RB,0,
"Frank Gore Jr. RB • BUF",RB,0,
"Ralph Webb RB • PIT",RB,0,
"Montrell Johnson Jr. RB • CAR",RB,0,
"Tyler Hoosman RB • LAC",RB,0,
"Lincoln Pare RB • IND",RB,0,
"Zach Ojile RB • MIN",RB,0,
"Josh Pitsenberger RB • HOU",RB,0,
"B.J. Catalon RB • FA",RB,0,
"Tiyon Evans RB • CAR",RB,0,
"Roman Hemby RB • LV",RB,0,
"Emani Bailey RB • CAR",RB,0,
"Dylan Laube RB • LV",RB,0,0.00
"Eli Heidenreich RB • PIT",RB,0,
"Sam Schnee RB • TEN",RB,0,
"Kaleb Johnson RB • PIT",RB,0,
"Jamal Haynes RB • CIN",RB,0,
"Kaytron Allen RB • WAS",RB,0,
"DeAndre Torrey RB • PHI",RB,0,
"Corey Taylor II RB • CLE",RB,0,
"Khalan Laborn RB • SF",RB,0,
"Jadarian Price RB • SEA",RB,0,
"Darrin Hall RB • PIT",RB,0,
"Jarveon Howard RB • BUF",RB,0,
"Charles McClelland RB • TEN",RB,0,
"Ronald Awatt RB • SF",RB,0,
"Bhayshul Tuten RB • JAC",RB,0,
"Zonovan Knight RB • ARI",RB,0,
"Javian Hawkins RB • LAR",RB,0,
"Ronnie Brown RB • TB",RB,0,
"Blake Watson RB • TEN",RB,0,0.00
"AJ Dillon RB • CAR",RB,0,
"Isaiah Bowser RB • BUF",RB,0,
"Kamryn Pettway RB • MIN",RB,0,
"Aca'Cedric Ware RB • TB",RB,0,
"Cash Jones RB • ATL",RB,0,
"Chip Trayanum RB • NYJ",RB,0,
"Ian Wheeler RB • BUF",RB,0,
"Kalel Mullings RB • TEN",RB,0,
"Max Hurleman RB • PIT",RB,0,
"Jacob Saylors RB • DET",RB,0,
"Keaontay Ingram RB • KC",RB,0,0.00
"Adam Choice RB • SEA",RB,0,
"Adam Randall RB • BAL",RB,0,
"Austin Ramesh RB • ARI",RB,0,
"Lorenzo Lingard RB • NYG",RB,0,
"Nate Noel RB • IND",RB,0,
"Kevin Marks Jr. RB • LAC",RB,0,
"Taimi Tutogi RB • FA",RB,0,
"Jaydn Ott RB • KC",RB,0,
"Israel Abanikanda RB • DAL",RB,0,
"Jaden Nixon RB • GB",RB,0,
"Bryce Love RB • WAS",RB,0,
"Benny LeMay RB • CLE",RB,0,
"Devon Ramsay RB • FA",RB,0,
"Michael Wiley RB • TB",RB,0,
"Daijun Edwards RB • PIT",RB,0,
"Davon Booth RB • CLE",RB,0,
"Joshua Kelley RB • TEN",RB,0,0.00
"Quali Conley RB • CIN",RB,0,
"Ke'Shawn Vaughn RB • SF",RB,0,0.00
"Deon Jackson RB • DET",RB,0,
"Mikey Daniel RB • CAR",RB,0,
"Tre Harbison III RB • CLE",RB,0,
"Jordan James RB • SF",RB,0,
"Darius Clark RB • CAR",RB,0,
"Dee Hart RB • FA",RB,0,
"Alfonzo Graham RB • PIT",RB,0,
"Kendall Milton RB • CIN",RB,0,0.00
"Lan Larison RB • NE",RB,0,
"Cody Schrader RB • DEN",RB,0,0.00
"Ollie Gordon II RB • MIA",RB,0,
"Garrett Groshek RB • MIN",RB,0,
"Karan Higdon RB • HOU",RB,0,
"Damon Bankston RB • NYG",RB,0,
"Keilan Robinson RB • NYJ",RB,0,0.00
"Jonathon Brooks RB • CAR",RB,0,0.00
"Toa Taua RB • CLE",RB,0,
"Mataeo Durant RB • PIT",RB,0,
"Jeremiyah Love RB • ARI",RB,0,
"Christopher Ezeala RB • BAL",RB,0,
"Pete Guerriero RB • PIT",RB,0,
"Aaron Shampklin RB • MIA",RB,0,0.00
"Ellis Merriweather RB • GB",RB,0,
"Malik Davis RB • DAL",RB,0,
"Coleman Bennett RB • CHI",RB,0,
"Jordan Waters RB • LAR",RB,0,
"Darius Hagans RB • PIT",RB,0,
"Jacory Croskey-Merritt RB • WAS",RB,0,
"Isi Sofele RB • FA",RB,0,
"Bruce Anderson RB • IND",RB,0,
"Terrell Jennings RB • NE",RB,0,0.00
"Marcus Yarns RB • NO",RB,0,
"Kobe Lewis RB • SEA",RB,0,
"Xazavian Valladay RB • MIN",RB,0,
"Greg Desrosiers Jr. RB • LAC",RB,0,
"Brady Russell RB • SEA",RB,0,0.00
"Tyrion Davis-Price RB • GB",RB,0,0.00
"TJ Harden RB • CLE",RB,0,
"Kadarius Calloway RB • TB",RB,0,
"Kennedy Brooks RB • PHI",RB,0,
"Gerrid Doaks RB • HOU",RB,0,
"Owen Wright RB • TB",RB,0,
"Jackson Acker RB • BUF",RB,0,
"Troy Hairston II RB • CLE",RB,0,0.00
"Jawon Chisholm RB • PIT",RB,0,
"Trayveon Williams RB • CLE",RB,0,0.00
"Aidan Robbins RB • CLE",RB,0,
"Kairee Robinson RB • SEA",RB,0,
"RJ Harvey RB • DEN",RB,0,
"Darius Anderson RB • HOU",RB,0,
"Chase Edmonds RB • WAS",RB,0,
"CJ Verdell RB • IND",RB,0,
"Abram Smith RB • MIN",RB,0,
"Mason Stokke RB • CAR",RB,0,
"Kyle Monangai RB • CHI",RB,0,
"Chase Roberts WR • LV",WR,0,
"Deonte Harty WR • BAL",WR,0,0.00
"Malik Cunningham WR • DET",WR,0,
"Rashad Rochelle WR • SEA",WR,0,
"Mitchell Tinsley WR • CIN",WR,0,
"Blake Proehl WR • MIN",WR,0,
"Jared Smart WR • ARI",WR,0,
"Jonathan Adams Jr. WR • DET",WR,0,
"Jimmy Horn Jr. WR • CAR",WR,0,
"Efton Chism III WR • NE",WR,0,
"Landon Lenoir WR • CHI",WR,0,
"Sam Brown Jr. WR • GB",WR,0,
"Khalil Tate WR • PHI",WR,0,
"Kalil Pimpleton WR • NYG",WR,0,
"Dalevon Campbell WR • LAC",WR,0,
"Nate McCollum WR • ARI",WR,0,
"T.J. Rahming WR • MIA",WR,0,
"Jerome Kapp WR • NYJ",WR,0,
"Andrew Armstrong WR • KC",WR,0,
"Tory Horton WR • SEA",WR,0,
"Malik Flowers WR • LV",WR,0,
"Chris Finke WR • CHI",WR,0,
"Joaquin Davis WR • PIT",WR,0,
"Josh Pearson WR • TB",WR,0,
"Robbie Chosen WR • WAS",WR,0,0.00
"Jaylen Johnson WR • LAC",WR,0,0.00
"Luke Grimm WR • LAC",WR,0,
"Jaray Jenkins WR • PIT",WR,0,
"TJ Sheffield WR • TEN",WR,0,
"Cody Chrest WR • GB",WR,0,
"Carnell Tate WR • TEN",WR,0,
"Avery Davis WR • DET",WR,0,
"Chris Hilton Jr. WR • WAS",WR,0,
"Malachi Carter WR • CIN",WR,0,
"Henry Litwin WR • CHI",WR,0,
"Robert Lewis WR • MIN",WR,0,
"Britain Covey WR • PHI",WR,0,0.00
"Justin Marshall WR • SEA",WR,0,
"Rashon Ceaser WR • TEN",WR,0,
"Davon Grayson WR • KC",WR,0,
"Marcus Riley WR • NYJ",WR,0,
"De'Quan Hampton WR • SEA",WR,0,
"Damien Alford WR • NO",WR,0,
"Dylan Cantrell WR • WAS",WR,0,
"Jhamon Ausbon WR • PHI",WR,0,
"Anthony Smith WR • DAL",WR,0,
"Cameron Camper WR • JAC",WR,0,
"Cade McDonald WR • CLE",WR,0,
"Kyle Philips WR • LV",WR,0,
"Ahmarean Brown WR • BUF",WR,0,
"Jeremiah Webb WR • NE",WR,0,
"Andre Miller WR • GB",WR,0,
"Samori Toure WR • PHI",WR,0,
"Gavin Holmes WR • TEN",WR,0,
"EJ Horton Jr. WR • IND",WR,0,
"Brycen Tremayne WR • CAR",WR,0,0.00
"Jalen McCleskey WR • NO",WR,0,
"Derek Wright WR • CAR",WR,0,
"Skyler Bell WR • BUF",WR,0,
"Tim Jones WR • JAC",WR,0,0.00
"Tyler Davis WR • MIA",WR,0,
"Kyron Hudson WR • CHI",WR,0,
"Hamze El-Zayat WR • NYJ",WR,0,
"Tamorrion Terry WR • SEA",WR,0,
"Ja'Kobi Lane WR • BAL",WR,0,
"Harrison Wallace III WR • ARI",WR,0,
"Aron Cruickshank WR • PIT",WR,0,
"Kaden Wetjen WR • PIT",WR,0,
"Devonte Robinson WR • GB",WR,0,
"Antwane Wells Jr. WR • ATL",WR,0,
"Kevin Kassis WR • SEA",WR,0,
"Travis Jonsen WR • TB",WR,0,
"Donaven McCulley WR • MIA",WR,0,
"Mason Kinsey WR • TEN",WR,0,0.00
"Braydon Johnson WR • BUF",WR,0,
"Dontario Drummond WR • DAL",WR,0,
"Rashod Owens WR • CIN",WR,0,
"Isaiah Weston WR • CLE",WR,0,
"Jadon Janke WR • GB",WR,0,
"Tavonn Salter WR • ATL",WR,0,
"Malcome Kennedy WR • NO",WR,0,
"Devin Gray WR • KC",WR,0,
"Colbie Young WR • CIN",WR,0,
"Jacolby George WR • CAR",WR,0,
"Jalen Sample WR • WAS",WR,0,
"Brandon Powell WR • MIN",WR,0,0.00
"Antonio Brown WR • TB",WR,0,
"Jalen Royals WR • KC",WR,0,
"Hunter Renfrow WR • CAR",WR,0,
"Chris Bell WR • MIA",WR,0,
"Jahmal Banks WR • BAL",WR,0,
"Tayvion Robinson WR • CAR",WR,0,
"Mac Dalena WR • BUF",WR,0,
"Daewood Davis WR • CAR",WR,0,
"Jack Bech WR • LV",WR,0,
"Malik McClain WR • NYJ",WR,0,
"Elijhah Badger WR • KC",WR,0,
"Terique Owens WR • SF",WR,0,
"Quartney Davis WR • IND",WR,0,
"Danny Gray WR • PHI",WR,0,
"Tre Walker WR • BUF",WR,0,
"Montana Lemonious-Craig WR • PIT",WR,0,
"Deontez Alexander WR • SEA",WR,0,
"Malik Benson WR • LV",WR,0,
"Michael Young Jr. WR • HOU",WR,0,
"Corey Sutton WR • DET",WR,0,
"Isaiah Wooden WR • CLE",WR,0,
"Casey Washington WR • ATL",WR,0,0.00
"Emmanuel Henderson Jr. WR • SEA",WR,0,
"Lucky Jackson WR • DET",WR,0,
"Jaelen Gill WR • CLE",WR,0,
"Chris Brazzell II WR • CAR",WR,0,
"Mike Strachan WR • WAS",WR,0,
"Dimitri Stanley WR • GB",WR,0,
"Brandon Smith WR • PIT",WR,0,0.00
"Kaden Prather WR • BUF",WR,0,
"JoJo Ward WR • ARI",WR,0,
"Tyler Snead WR • PIT",WR,0,
"Joseph Scates WR • JAC",WR,0,
"A.T. Perry WR • PIT",WR,0,
"Jose Barbon WR • DAL",WR,0,
"Dai'Jean Dixon WR • NO",WR,0,
"Kobe Hudson WR • CAR",WR,0,
"DaRon Brown WR • FA",WR,0,
"Johnnie Dixon WR • DAL",WR,0,
"Chris Blair WR • ATL",WR,0,0.00
"Elic Ayomanor WR • TEN",WR,0,
"Joseph Manjack IV WR • DEN",WR,0,
"Darius Cooper WR • PHI",WR,0,
"Dayton Wade WR • BAL",WR,0,
"Keilahn Harris WR • PIT",WR,0,
"Phil Lutz WR • NE",WR,0,
"Anthony Miller WR • BAL",WR,0,0.00
"Kelvin McKnight WR • DEN",WR,0,
"Kole Wilson WR • CLE",WR,0,
"Johnny Johnson III WR • HOU",WR,0,
"Jeret Smith WR • KC",WR,0,
"Kyre Duplessis WR • DET",WR,0,
"Russell Gage WR • SF",WR,0,
"Xavier Malone WR • ATL",WR,0,
"Tre Mosley WR • CIN",WR,0,
"Ke'Shawn Williams WR • CIN",WR,0,
"Trayvon Rudolph WR • MIN",WR,0,
"Devante Davis WR • PHI",WR,0,
"Nick Easley WR • BUF",WR,0,
"Travis Hunter WR • JAC",WR,0,
"Brady Boyd WR • JAC",WR,0,
"John Jiles WR • NE",WR,0,
"Josh Imatorbhebhe WR • JAC",WR,0,
"Jaylin Noel WR • HOU",WR,0,
"Jamoi Mayes WR • CIN",WR,0,
"Jadon Haselwood WR • PHI",WR,0,
"Cornell Powell WR • PIT",WR,0,
"Charles Holland WR • CIN",WR,0,
"Braxton Burmeister WR • LAR",WR,0,
"Ja'Corey Brooks WR • WAS",WR,0,
"Omar Cooper Jr. WR • NYJ",WR,0,
"David Sills WR • TB",WR,0,
"Jeff Caldwell WR • KC",WR,0,
"Kyle Dixon WR • NE",WR,0,
"Tyler Harrell WR • NYJ",WR,0,
"Elijah Cooks WR • NO",WR,0,0.00
"Jequez Ezzard WR • WAS",WR,0,
"Thomas Sperbeck WR • TB",WR,0,
"Kendric Pryor WR • CIN",WR,0,0.00
"Shaleak Knotts WR • MIN",WR,0,
"Tyler Scott WR • LAR",WR,0,0.00
"Brevin Easton WR • JAC",WR,0,
"Austin Watkins Jr. WR • PHI",WR,0,
"Gabriel Benyard WR • BUF",WR,0,
"Danny Davis WR • GB",WR,0,
"Silas Bolden WR • HOU",WR,0,
"Ketron Jackson Jr. WR • LV",WR,0,
"Mike Harley WR • MIA",WR,0,
"Chris Moore WR • BAL",WR,0,0.00
"Kai Locksley WR • MIA",WR,0,
"Malik Williams WR • BUF",WR,0,
"Miles Boykin WR • CHI",WR,0,
"Trevon Grimes WR • PHI",WR,0,
"Isaiah Washington WR • BAL",WR,0,
"T.J. Vasher WR • DAL",WR,0,
"Leon Johnson III WR • LAC",WR,0,
"Courtney Jackson WR • TEN",WR,0,
"Dez Fitzpatrick WR • LAC",WR,0,0.00
"Jeshaun Jones WR • MIN",WR,0,
"Josh Vann WR • CAR",WR,0,
"Drake Stoops WR • LAR",WR,0,
"Andre Baccellia WR • ARI",WR,0,
"Jordan Hudson WR • DAL",WR,0,
"Jalen Wayne WR • GB",WR,0,
"Tommy Mellott WR • NO",WR,0,
"Bug Howard WR • TB",WR,0,
"J.J. Jones WR • JAC",WR,0,
"Jordan Williams-Lambert WR • CHI",WR,0,
"Cam Johnson WR • CAR",WR,0,
"Cortez Braham Jr. WR • BAL",WR,0,
"Chase Cota WR • CLE",WR,0,
"Bryce Ford-Wheaton WR • NYG",WR,0,0.00
"Josh Cameron WR • JAC",WR,0,
"Maurice Alexander WR • CHI",WR,0,0.00
"Chris Tyree WR • NO",WR,0,
"Malik Turner WR • SF",WR,0,
"Daniel Arias WR • ARI",WR,0,
"Mathew Sexton WR • MIA",WR,0,
"Siaosi Mariner WR • BAL",WR,0,
"Antonio Williams WR • WAS",WR,0,
"Cephus Johnson III WR • TB",WR,0,
"Roderick Daniels Jr. WR • NO",WR,0,
"Dareke Young WR • LV",WR,0,0.00
"Eric Rivers WR • TB",WR,0,
"Sam Pinckney WR • CAR",WR,0,
"Will Sheppard WR • GB",WR,0,
"Michael Briscoe WR • MIN",WR,0,
"Julian Hicks WR • GB",WR,0,
"Lideatrick Griffin WR • GB",WR,0,
"Mikah Holder WR • WAS",WR,0,
"Myles Price WR • MIN",WR,0,
"T.J. Luther WR • CAR",WR,0,
"Emeka Emezie WR • ATL",WR,0,
"Jason Brownlee WR • KC",WR,0,
"Ty Fryfogle WR • KC",WR,0,
"Justyn Ross WR • KC",WR,0,0.00
"Ronnie Bell WR • NO",WR,0,0.00
"Jerreth Sterns WR • LAR",WR,0,
"Steve Ishmael WR • IND",WR,0,
"Devon Williams WR • BAL",WR,0,
"Jeremiah Haydel WR • LAR",WR,0,
"Bryant Mitchell WR • TB",WR,0,
"Colton Dowell WR • SF",WR,0,
"Isaiah Winstead WR • NYJ",WR,0,
"Tanner Knue WR • TB",WR,0,
"Ontaria Wilson WR • NYJ",WR,0,
"Jamaal Pritchett WR • NYJ",WR,0,
"Shedrick Jackson WR • LV",WR,0,
"Trishton Jackson WR • ARI",WR,0,0.00
"Zach Pascal WR • NYG",WR,0,0.00
"A.J. Richardson WR • ARI",WR,0,
"Jalen Hurd WR • NE",WR,0,
"Cole Burgess WR • PIT",WR,0,
"Joshua Cephus WR • JAC",WR,0,0.00
"Marcus Rosemy-Jacksaint WR • PHI",WR,0,
"Reece Horn WR • CIN",WR,0,
"Jadakis Bonds WR • GB",WR,0,
"Kody Case WR • IND",WR,0,
"Xavier Loyd WR • KC",WR,0,
"Chandler Brayboy WR • JAC",WR,0,
"Michael Johnson WR • PHI",WR,0,
"Jaylin Lane WR • WAS",WR,0,
"Bailey Gaither WR • BAL",WR,0,
"Jordan Watkins WR • SF",WR,0,
"Donte Sylencieux WR • BAL",WR,0,
"Tru Edwards WR • LAR",WR,0,
"Talolo Limu-Jones WR • CAR",WR,0,
"Manasseh Bailey WR • NYJ",WR,0,
"Tez Johnson WR • TB",WR,0,
"Tejhaun Palmer WR • ARI",WR,0,
"Donovan Peoples-Jones WR • NO",WR,0,
"Jackson Meeks WR • DET",WR,0,
"Oliver Martin WR • JAC",WR,0,
"Ajou Ajou WR • IND",WR,0,
"Treyvhon Saunders WR • HOU",WR,0,
"Corey Crooms Jr. WR • DAL",WR,0,
"Cyrus Allen WR • KC",WR,0,
"Braylon Sanders WR • WAS",WR,0,
"Zachariah Branch WR • ATL",WR,0,
"Elijah Sarratt WR • BAL",WR,0,
"Tahj Washington WR • MIA",WR,0,
"Khalil McClain WR • MIA",WR,0,
"Matthew Golden WR • GB",WR,0,
"Antoine Green WR • DET",WR,0,
"Latreal Jones WR • TB",WR,0,
"John Hurst WR • IND",WR,0,
"Le'Meke Brockington WR • ATL",WR,0,
"Jha'Quan Jackson WR • HOU",WR,0,0.00
"Noah Thomas WR • CIN",WR,0,
"Jalon Calhoun WR • DET",WR,0,
"Mac Hippenhammer WR • CIN",WR,0,
"Ryan McDaniel WR • JAC",WR,0,
"Kelly Akharaiyi WR • ARI",WR,0,
"KeAndre Lambert-Smith WR • LAC",WR,0,
"Marcus Simms WR • SEA",WR,0,
"Quintez Cephus WR • BUF",WR,0,
"Jalen Moreno-Cropper WR • NO",WR,0,0.00
"Tarik Black WR • DET",WR,0,
"Zach D'Orazio WR • NE",WR,0,
"Kalija Lipscomb WR • TEN",WR,0,
"LaQuvionte Gonzalez WR • LAR",WR,0,
"Michael Dereus WR • BAL",WR,0,
"Jaelon Darden WR • SEA",WR,0,0.00
"JP Richardson WR • CHI",WR,0,
"John Mitchell WR • SEA",WR,0,
"Darece Roberson Jr. WR • SEA",WR,0,
"Chris Coleman WR • MIA",WR,0,
"Dillon Bell WR • MIN",WR,0,
"Connor Wedington WR • SEA",WR,0,
"Slade Bolden WR • ATL",WR,0,
"Dominic Lovett WR • DET",WR,0,
"Tetairoa McMillan WR • CAR",WR,0,
"Traeshon Holden WR • DAL",WR,0,
"Reggie Virgil WR • ARI",WR,0,
"Jamari Thrash WR • CLE",WR,0,0.00
"Thomas Ives WR • CHI",WR,0,
"Demetris Robertson WR • SEA",WR,0,
"Dylan Drummond WR • ATL",WR,0,
"Keelan Marion WR • ATL",WR,0,
"Malik Knowles WR • SF",WR,0,
"Devin Carter WR • CAR",WR,0,
"Levi Wentz WR • PIT",WR,0,
"Devron Harper WR • MIN",WR,0,
"Kelvin Harmon WR • DAL",WR,0,
"Bryan Thompson WR • BUF",WR,0,
"Alex Wesley WR • CHI",WR,0,
"Dillon Mitchell WR • MIN",WR,0,
"Kyle Sheets WR • KC",WR,0,
"Tyler Hudson WR • LAR",WR,0,
"Dan Chisena WR • CAR",WR,0,0.00
"Taylor Grimes WR • DEN",WR,0,
"De'Zhaun Stribling WR • SF",WR,0,
"Cornelius Johnson WR • BAL",WR,0,
"Drew Estrada WR • HOU",WR,0,
"Damion Jeanpiere WR • CAR",WR,0,
"Demeer Blankumsee WR • NE",WR,0,
"Justin Hall WR • MIN",WR,0,
"Kazmeir Allen WR • WAS",WR,0,
"Sean Ryan WR • BAL",WR,0,
"Antonio Nunn WR • ATL",WR,0,
"Jared Wayne WR • HOU",WR,0,0.00
"Brandon Johnson WR • LV",WR,0,0.00
"DeVonte Dedmon WR • MIA",WR,0,
"Jamal Custis WR • PIT",WR,0,
"Easop Winston WR • NYJ",WR,0,
"Kevin Coleman Jr. WR • MIA",WR,0,
"Hal Presley WR • TEN",WR,0,
"Xavier Guillory WR • BAL",WR,0,
"Jordyn Tyson WR • NO",WR,0,
"Gage Larvadain WR • CLE",WR,0,
"Shae Wyatt WR • SF",WR,0,
"Nick Nash WR • WAS",WR,0,
"Taysir Mack WR • SF",WR,0,
"Zion Bowens WR • WAS",WR,0,
"Tre'Shaun Harrison WR • TEN",WR,0,
"Makai Polk WR • ATL",WR,0,
"James Proche WR • TEN",WR,0,0.00
"Dontae Fleming WR • MIN",WR,0,
"Dax Milne WR • CAR",WR,0,
"Hayden Hatten WR • SEA",WR,0,
"Milton Williams WR • LV",WR,0,
"Garett Maag WR • MIN",WR,0,
"Marcus Green WR • PHI",WR,0,
"Daniel Jackson WR • HOU",WR,0,
"Montorie Foster Jr. WR • SEA",WR,0,
"Peter LeBlanc WR • CHI",WR,0,
"Dont'e Thornton Jr. WR • LV",WR,0,
"Jahdae Walker WR • CHI",WR,0,
"Caullin Lacy WR • NYJ",WR,0,
"Treylon Burks WR • WAS",WR,0,0.00
"Artavis Scott WR • HOU",WR,0,
"E.J. Williams Jr. WR • LV",WR,0,
"Tyler Adams WR • IND",WR,0,
"Daje Johnson WR • ATL",WR,0,
"Jacob De Jesus WR • KC",WR,0,
"Zakhari Franklin WR • LV",WR,0,
"Germie Bernard WR • PIT",WR,0,
"Mante Morrow WR • LAC",WR,0,
"Dalton Schoen WR • KC",WR,0,
"Odieu Hiliare WR • ATL",WR,0,
"CJ Daniels WR • LAR",WR,0,
"Laquon Treadwell WR • IND",WR,0,0.00
"Javon Baker WR • SF",WR,0,0.00
"Ted Hurst WR • TB",WR,0,
"Malachi Corley WR • CLE",WR,0,0.00
"Aaron Anderson WR • CLE",WR,0,
"CJ Williams WR • JAC",WR,0,
"Kevin Shaa WR • CHI",WR,0,
"Luke Floriea WR • CLE",WR,0,
"Brian Cobbs WR • ARI",WR,0,
"Golden Tate WR • TEN",WR,0,
"DaVaris Daniels WR • NE",WR,0,
"Lance McCutcheon WR • TEN",WR,0,
"Tyshaun James WR • ATL",WR,0,
"Pat Bryant WR • DEN",WR,0,
"Roc Taylor WR • PIT",WR,0,
"Vinny Anthony II WR • ATL",WR,0,
"Malik Henry WR • NO",WR,0,
"Keith Kirkwood WR • BAL",WR,0,
"Damon Hazelton WR • HOU",WR,0,
"Trevon Bradford WR • LAC",WR,0,
"John Hall WR • SEA",WR,0,
"Praise Olatoke WR • CAR",WR,0,
"Sincere Brown WR • LAC",WR,0,
"Anthony Schwartz WR • MIA",WR,0,
"Xavier Restrepo WR • TEN",WR,0,
"Tyler Simmons WR • PIT",WR,0,
"Caleb Scott WR • LV",WR,0,
"Shemar Bridges WR • BAL",WR,0,
"Tai Felton WR • MIN",WR,0,
"Keshunn Abram WR • NYJ",WR,0,
"Jonathon Rumph WR • NYJ",WR,0,
"Ty James WR • MIN",WR,0,
"Savon Scarver WR • CHI",WR,0,
"Ra'Shaun Henry WR • SEA",WR,0,
"Jontre Kirklin WR • SF",WR,0,
"Isaiah Hodgins WR • NYG",WR,0,0.00
"Harvey Binford WR • IND",WR,0,
"Michael Gallup WR • WAS",WR,0,
"Grant DuBose WR • BUF",WR,0,0.00
"JaVonta Payton WR • ARI",WR,0,
"Jon'Vea Johnson WR • CHI",WR,0,
"Reggie Davis WR • DAL",WR,0,
"Daniel Sobkowicz WR • HOU",WR,0,
"Terrill Davis WR • MIN",WR,0,
"Cameron Dorner WR • NE",WR,0,
"Jesse Matthews WR • ATL",WR,0,
"Jaden Bradley WR • WAS",WR,0,
"Charleston Rambo WR • PHI",WR,0,
"Jacoby Jones WR • WAS",WR,0,
"Brenden Rice WR • GB",WR,0,0.00
"Ricky White III WR • SEA",WR,0,
"Anthony Ratliff-Williams WR • SEA",WR,0,
"Octavian Smith Jr. WR • BAL",WR,0,
"Josh Harper WR • LV",WR,0,
"Josh Kelly WR • HOU",WR,0,
"Kisean Johnson WR • GB",WR,0,
"Micah Simon WR • CAR",WR,0,
"Jaquarii Roberson WR • LAR",WR,0,
"Phillip Brooks WR • KC",WR,0,
"JJ Laap WR • LAR",WR,0,
"Shaq Roland WR • CHI",WR,0,
"Jake Herslow WR • SEA",WR,0,
"Dohnte Meyers WR • CIN",WR,0,
"Jonathan Brady WR • LV",WR,0,
"Dalen Cambre WR • NYG",WR,0,
"Jalen Walthall WR • NYJ",WR,0,
"Papi White WR • TEN",WR,0,
"Camden Brown WR • DAL",WR,0,
"DeAngelo Hardy WR • BAL",WR,0,
"Landon Parker WR • IND",WR,0,
"Erik Ezukanma WR • PHI",WR,0,0.00
"Irvin Charles WR • SEA",WR,0,0.00
"DT Sheffield WR • NYJ",WR,0,
"Joseph Ngata WR • PHI",WR,0,
"Deion Burks WR • IND",WR,0,
"Jerjuan Newton WR • DEN",WR,0,
"Trevion Thompson WR • TEN",WR,0,
"DeVontres Dukes WR • DEN",WR,0,
"Matt Landers WR • TEN",WR,0,
"Jeff Foreman WR • LV",WR,0,
"J. Michael Sturdivant WR • GB",WR,0,
"Jayden Higgins WR • HOU",WR,0,
"Malik Taylor WR • DET",WR,0,
"David Wallis WR • NE",WR,0,
"Junior Bergen WR • SF",WR,0,
"Lawrence Keys III WR • DET",WR,0,
"Lujuan Winningham WR • JAC",WR,0,
"Lewis Bond WR • HOU",WR,0,
"Monaray Baldwin WR • MIA",WR,0,
"Arian Smith WR • NYJ",WR,0,
"K.J. Hamler WR • BUF",K,0,
"Emeka Egbuka WR • TB",WR,0,
"LaJohntay Wester WR • BAL",WR,0,
"Xavier Johnson WR • CIN",WR,0,
"John Jackson III WR • CHI",WR,0,
"Luther Burden III WR • CHI",WR,0,
"Jacob Breeland TE • BAL",TE,0,
"Robert Tonyan TE • PIT",TE,0,0.00
"Hakeem Butler TE • DEN",TE,0,
"Travis Koontz TE • LV",TE,0,
"Caden Prieskorn TE • CAR",TE,0,
"John Bates TE • WAS",TE,0,0.00
"Jared Scott TE • IND",TE,0,
"Seydou Traore TE • MIA",TE,0,
"Carl Tucker TE • MIA",TE,0,
"Princeton Fant TE • DAL",TE,0,0.00
"Thomas Odukoya TE • NE",TE,0,0.00
"Zach Horton TE • DET",TE,0,
"Drake Dabney TE • GB",TE,0,
"Jamal Pettigrew TE • LAR",TE,0,
"Max Bredeson TE • MIN",TE,0,
"Derrick Deese Jr. TE • DET",TE,0,
"Tanner Koziol TE • JAC",TE,0,
"C.J. Uzomah TE • PHI",TE,0,0.00
"Marcedes Lewis TE • DEN",TE,0,0.00
"Michael Ezeike TE • SEA",TE,0,
"Thomas Gordon TE • DET",TE,0,
"Pro Wells TE • CIN",TE,0,
"Alize Mack TE • TEN",TE,0,
"Dallen Bentley TE • DEN",TE,0,
"Austin Allen TE • GB",TE,0,
"Mark Redman TE • LAR",TE,0,
"Joel Wilson TE • TEN",TE,0,
"Carsen Ryan TE • CLE",TE,0,
"Colston Loveland TE • CHI",TE,0,
"Thaddeus Moss TE • CIN",TE,0,
"Nick Muse TE • NYJ",TE,0,0.00
"Thomas Greaney TE • CLE",TE,0,
"Patrick Herbert TE • JAC",TE,0,
"Harold Fannin Jr. TE • CLE",TE,0,
"Patrick Gurd TE • LV",TE,0,
"Griffin Hebert TE • PHI",TE,0,
"Caleb Lohner TE • DEN",TE,0,
"Mason Pline TE • KC",TE,0,
"Cameron Latu TE • PHI",TE,0,
"Jaren Kanak TE • TEN",TE,0,
"Gee Scott Jr. TE • NYJ",TE,0,
"Justin Tukes TE • PHI",TE,0,
"Dylan Parham TE • DEN",TE,0,
"Travis Vokolek TE • ARI",TE,0,0.00
"Heinrich Haarberg TE • CAR",TE,0,
"Jermaine Terry II TE • NYG",TE,0,
"Charlie Woerner TE • ATL",TE,0,0.00
"Jacob Warren TE • NE",TE,0,
"Anthony Norris TE • DEN",TE,0,
"Keith Towbridge TE • WAS",TE,0,
"Feleipe Franks TE • CAR",TE,0,0.00
"RJ Maryland TE • GB",TE,0,
"Luke Benson TE • LAC",TE,0,
"Oscar Delp TE • NO",TE,0,
"Armani Rogers TE • BUF",TE,0,
"Darion Clark TE • CHI",TE,0,
"Jody Fortson TE • KC",TE,0,0.00
"Brian Walker TE • BAL",TE,0,
"Durham Smythe TE • BAL",TE,0,0.00
"Eli Wolf TE • WAS",TE,0,
"Baylor Cupp TE • BAL",TE,0,0.00
"Max Klare TE • LAR",TE,0,
"Irv Smith TE • HOU",TE,0,0.00
"Luke Musgrave TE • GB",TE,0,0.00
"Louis Hansen TE • HOU",TE,0,
"Mike Rigerman TE • BAL",TE,0,
"Cole Herdman TE • TEN",TE,0,
"Dalton Keene TE • HOU",TE,0,
"Donald Parham Jr. TE • PIT",TE,0,
"CJ Dippre TE • NE",TE,0,
"Jack Westover TE • NE",TE,0,0.00
"Kevin Foelsch TE • PIT",TE,0,
"Jack Endries TE • CIN",TE,0,
"C.J. Conrad TE • NYG",TE,0,
"Kenyon Sadiq TE • NYJ",TE,0,
"Izaiah Gathings TE • KC",TE,0,
"Lake McRee TE • PIT",TE,0,
"Austin Stogner TE • ATL",TE,0,
"Ben Beise TE • TB",TE,0,
"Kenny Fletcher Jr. TE • TB",TE,0,
"Teagan Quitoriano TE • ARI",TE,0,0.00
"Lance Mason TE • SEA",TE,0,
"Michael Trigg TE • DAL",TE,0,
"Elijah Arroyo TE • SEA",TE,0,
"Kalif Jackson TE • MIA",TE,0,
"Matthew Hibner TE • BAL",TE,0,
"Isaac Rex TE • LAC",TE,0,
"Neal Johnson TE • NYJ",TE,0,
"Eli Stowers TE • PHI",TE,0,
"Brevin Jordan TE • HOU",TE,0,0.00
"Luke Deal TE • DET",TE,0,
"Bryce Pierre TE • CAR",TE,0,
"Grayson Gunter TE • JAC",TE,0,
"Zaire Mitchell-Paden TE • NO",TE,0,
"Rohan Jones TE • LAR",TE,0,
"Dom Wood-Anderson TE • SEA",TE,0,
"Riley Nowakowski TE • PIT",TE,0,
"Noah Gindorff TE • PIT",TE,0,
"Justin Joly TE • DEN",TE,0,
"Pat Conroy TE • LV",TE,0,
"Anthony Firkser TE • WAS",TE,0,0.00
"Keleki Latu TE • BUF",TE,0,
"Oronde Gadsden II TE • LAC",TE,0,
"Billy Brown TE • IND",TE,0,
"Christian Trahan TE • CIN",TE,0,
"Dallin Holker TE • NO",TE,0,0.00
"Tyler Davis TE • NE",TE,0,
"Joshua Simon TE • ATL",TE,0,
"Jack Stoll TE • CLE",TE,0,0.00
"Ben Johnson TE • LAC",TE,0,
"Mitch Van Vooren TE • NE",TE,0,
"Mason Taylor TE • NYJ",TE,0,
"Marlin Klein TE • HOU",TE,0,
"Maximilian Mang TE • NYG",TE,0,
"Josiah Deguara TE • ARI",TE,0,0.00
"Chase Curtis TE • NYJ",TE,0,
"Zack Kuntz TE • MIA",TE,0,0.00
"Carson Towt TE • IND",TE,0,
"Nate Boerkircher TE • JAC",TE,0,
"Stevo Klotz TE • LAC",TE,0,
"Isaiah Searight TE • NYG",TE,0,
"Gerrit Prince TE • KC",TE,0,
"Steven Stilianos TE • DET",TE,0,
"Tucker Fisk TE • LAC",TE,0,0.00
"Tip Reiman TE • ARI",TE,0,0.00
"Scotty Washington TE • BAL",TE,0,
"Christian Sims TE • LAR",TE,0,
"Jerome Washington TE • ARI",TE,0,
"Jay Rome TE • PIT",TE,0,
"Cole Turner TE • MIA",TE,0,
"Chris Myarick TE • MIA",TE,0,
"Bryson Nesbit TE • MIN",TE,0,
"Qadir Ismail TE • CHI",TE,0,
"Tanner Arkin TE • NE",TE,0,
"Keenen Brown TE • HOU",TE,0,
"Dae'Quan Wright TE • PHI",TE,0,
"Eli Raridon TE • NE",TE,0,
"Jake Phillips TE • PIT",TE,0,
"Tanner Taula TE • TB",TE,0,
"Damien Caffrey TE • CHI",TE,0,
"Bruno Labelle TE • ARI",TE,0,
"Moritz Boehringer TE • CIN",TE,0,
"Ross Dwelley TE • CAR",TE,0,0.00
"Treyton Welch TE • NO",TE,0,
"Riley Sharp TE • BAL",TE,0,
"Lawrence Cager TE • WAS",TE,0,
"DJ Rogers TE • DAL",TE,0,
"DeShon Williams TE • SEA",TE,0,
"Cody Hardy TE • NO",TE,0,
"Jeremiah Hall TE • NYG",TE,0,
"Jake Hausmann TE • WAS",TE,0,
"La'Michael Pettway TE • NE",TE,0,
"Jalen Wydermyer TE • IND",TE,0,
"Hunter Long TE • JAC",TE,0,0.00
"Evan Svoboda TE • LAC",TE,0,
"Jalin Conyers TE • MIA",TE,0,
"Jake Burt TE • NE",TE,0,
"Lincoln Sefcik TE • NYJ",TE,0,
"JJ Howland TE • TB",TE,0,
"Brayden Lenius TE • ATL",TE,0,
"Charles Scarff TE • BAL",TE,0,
"Cam Grandy TE • CIN",TE,0,0.00
"Hayden Large TE • CHI",TE,0,
"Marcus Santos-Silva TE • CLE",TE,0,
"Brayden Willis TE • SF",TE,0,0.00
"Temuchin Hodges TE • PIT",TE,0,
"Gavin Bartholomew TE • MIN",TE,0,
"Jordan Murray TE • CHI",TE,0,
"Geoff Swaim TE • CLE",TE,0,0.00
"Justin Johnson TE • ARI",TE,0,
"Cheyenne O'Grady TE • CIN",TE,0,
"Rivaldo Fairweather TE • ARI",TE,0,
"McCallan Castles TE • GB",TE,0,
"Ethan Conner TE • JAC",TE,0,
"Ben Yurosek TE • MIN",TE,0,
"Austin Fort TE • TEN",TE,0,
"Nikola Kalinic TE • CHI",TE,0,0.00
"Stephen Carlson TE • CHI",TE,0,
"Dominique Dafney TE • CAR",TE,0,
"Pharaoh Brown TE • ARI",TE,0,0.00
"James Mitchell TE • CAR",TE,0,0.00
"John Raine TE • ATL",TE,0,
"Mitchell Evans TE • CAR",TE,0,
"Charlie Taumoepeau TE • DET",TE,0,
"Gerald Everett TE • CHI",TE,0,0.00
"Nick Kallerup TE • SEA",TE,0,
"Chamon Metayer TE • PIT",TE,0,
"Gunnar Helm TE • TEN",TE,0,
"Graham Adomitis TE • IND",TE,0,
"Matt Seybert TE • LAC",TE,0,
"Albert Okwuegbunam TE • LV",TE,0,
"Seth Green TE • NO",TE,0,
"Jameson Geers TE • ARI",TE,0,
"Chase Harrell TE • SF",TE,0,
"Joe Royer TE • CLE",TE,0,
"Jared Wiley TE • KC",TE,0,0.00
"Anthony Torres TE • LAR",TE,0,
"John FitzPatrick TE • GB",TE,0,0.00
"Carson Williams TE • LV",TE,0,
"Christian Scotland-Williamson TE • PIT",TE,0,
"Scooter Harrington TE • CHI",TE,0,
"Kris Leach TE • DEN",TE,0,
"Justin Shorter TE • LV",TE,0,0.00
"Jake Tonges TE • SF",TE,0,0.00
"Shawn Bowman TE • JAC",TE,0,
"Tim Brown TE • TB",TE,0,
"DJ Thomas-Jones TE • PIT",TE,0,
"Shane Zylstra TE • BUF",TE,0,0.00
"Zach Heins TE • LAC",TE,0,
"Miles Kitselman TE • DET",TE,0,
"Dylan Soehner TE • NO",TE,0,
"Sam Pitz TE • BAL",TE,0,
"Jeremy Ruckert TE • NYJ",TE,0,0.00
"Jaheim Bell TE • PIT",TE,0,0.00
"Brenden Bates TE • CLE",TE,0,0.00
"Trey Knox TE • MIN",TE,0,
"Drew Belcher TE • WAS",TE,0,
"Tanner McLachlan TE • SF",TE,0,0.00
"Carter Runyon TE • LV",TE,0,
"Ryan Becker TE • ATL",TE,0,
"Lachlan Pitts TE • CHI",TE,0,
"Thomas Yassmin TE • LAC",TE,0,
"Jack Velling TE • ATL",TE,0,
"John Copenhaver TE • JAC",TE,0,
"Tanner Brown K • NO",K,0,
"Mark McNamee K • GB",K,0,
"Jared Roberts K • FA",K,0,
"Corey Acosta K • SF",K,0,
"Andres Borregales K • NE",K,0,
"Tucker McCann K • TEN",K,0,
"Ben Sauls K • NYG",K,0,
"Christopher Dunn K • LAR",K,0,
"Mike Badgley K • BUF",K,0,
"Lenny Krieg K • NYJ",K,0,
"Jose Borregales K • TB",K,0,
"Tyler Loop K • BAL",K,0,
"Alex Hale K • GB",K,0,
"Trey Wolff K • TEN",K,0,
"Ryan Fitzgerald K • CAR",K,0,
"Drew Stevens K • WAS",K,0,
"Andrew Furney K • NYJ",K,0,
"James McCourt K • LV",K,0,
"Kansei Matsuzawa K • LV",K,0,
"Quinn Nordin K • NE",K,0,
"Matthew Trickett K • ATL",K,0,
"Jack Podlesny K • GB",K,0,
"John Baron K • CHI",K,0,
"Austin MacGinnis K • LAR",K,0,
"Caden Davis K • BUF",K,0,
"Anthony Cantele K • FA",K,0,
"Charlie Smyth K • NO",K,0,
"Alex Quevedo K • NO",K,0,
"Jaden Oberkrom K • CLE",K,0,
"Mason Shipley K • NO",K,0,
"Trey Smack K • GB",K,0,
"Ryan Coe K • TB",K,0,
"Maddux Trujillo K • BUF",K,0,
"B.T. Potter K • TB",K,0,
"Justin Rohrwasser K • NE",K,0,
"JJ Molson K • GB",K,0,
"Gabriel Plascencia K • CHI",K,0,
"Dan Conroy K • FA",K,0,
"Brad Craddock K • CLE",K,0,
"Harrison Mevis K • LAR",K,0,
"Andrew Mevis K • JAC",K,0,
"John Hoyland K • BAL",K,0,
"Parker White K • GB",K,0,
"Jonathan Kim K • CHI",K,0,
"Gabe Brkic K • GB",K,0,
"Jake Verity K • TB",K,0,
"Clayton Hatfield K • IND",K,0,
"Jonathan Garibay K • DAL",K,0,
"Laith Marjan K • PIT",K,0,
"Andre Szmyt K • CLE",K,0,
"Lucas Havrisik K • GB",K,0,
"Dominic Zvada K • NYG",K,0,
"Anthony Fera K • FA",K,0,
"Blake Haubeil K • CAR",K,0,
"James Turner K • GB",K,0,
